"sr_pred_filled.chamber_date_time","sr_pred_filled.plotID","sr_pred_filled.id","sr_pred_filled.lat","sr_pred_filled.lon","sr_pred_filled.treatment","sr_pred_filled.org_layer","sr_pred_filled.flow","sr_pred_filled.land_use","sr_pred_filled.topo_wetness","sr_pred_filled.inclination","sr_pred_filled.elevation","sr_pred_filled.northness","sr_pred_filled.eastness","sr_pred_filled.doy","sr_pred_filled.do2y","sr_pred_filled.year","sr_pred_filled.ndvi_area","sr_pred_filled.ndvi_dif_area","sr_pred_filled.ph_mineral","sr_pred_filled.density","sr_pred_filled.per_c","sr_pred_filled.per_n","sr_pred_filled.cn","sr_pred_filled.WHC","sr_pred_filled.WHCact","sr_pred_filled.SOC_0_10","sr_pred_filled.SM_0_10","sr_pred_filled.ST_0_10","sr_pred_filled.SOC_0_30","sr_pred_filled.SM_0_30","sr_pred_filled.ST_0_30","sr_pred_filled.SOC_10_30","sr_pred_filled.SM_10_30","sr_pred_filled.ST_10_30"
2021-12-02 10:00:00,"P0100",1,50.208308,11.747134,"core",0,22.6664075188437,"1500",9.58175754547119,5.77904176712036,605.969970703125,-0.997714400291443,-0.0658880025148392,336,336,"2021",0.507030232221659,-0.0428747054305819,7.02,1.2098313840553,1.99,0.171,11.6374269005848,0.59963953631262,51.5950543069882,21.7681,6.41085605451928,1.6,48.5164,17.9331996324441,1.33334146666667,26.7483,23.6943714214066,1.2000122
2021-12-03 10:00:00,"P0150",2,50.09995,11.844265,"core",0,12.5495080352153,"1600",12.8650989532471,1.7298367023468,637.669982910156,0.842334926128387,0.497833997011185,337,337,"2021",0.416129003095714,-0.0956898447252258,6.575,0.753689231579364,6.196,0.5,12.392,1.08926213489674,52.2717354410125,46.2092,34.3734234138375,1.9,98.8956,31.0555001424869,2.006665,52.6864,29.3965385068116,2.0599975
2021-12-06 09:00:00,"P0200",3,50.161078,11.757796,"core",0,54.2413666210239,"1000",9.81136798858643,3.16487073898315,579.669982910156,0.740774750709534,0.671745777130127,340,340,"2021",0.728399279601068,-0.0290683451905953,4.273,0.262243940321873,43.633,1.862,23.4334049409237,6.14391143911439,27.5809142475809,125.8674,9.67775437166742,3.2,179.4243,12.1530070780797,5.15616208333333,53.5569,12.9780913135504,5.80821611111111
2021-12-07 11:00:00,"PS001",4,50.08134,11.9621,"nocore",0,9.7320292933962,"1500",9.42406368255615,5.14941453933716,584.820007324219,-0.895641386508942,0.444606393575668,341,341,"2021",0.19730718950041,-0.0225098045920235,NA,NA,NA,NA,NA,NA,NA,21.9200000762939,15.2186854889329,1.5,64.4600009918213,19.9345290963764,3.02439193121693,42.5400009155273,22.2924509000982,3.7865878968254
2021-12-07 12:00:00,"PS003",5,50.11779,11.95386,"nocore",0,97.3630535288359,"1600",13.4484634399414,0.558195531368256,551.630004882812,0.947387039661407,-0.0740077421069145,341,341,"2021",0.30474202657087,-0.0911153846789032,NA,NA,NA,NA,NA,NA,NA,36.2400016784668,18.4958429874578,2,75.5500011444092,6.26217270624766,2.66199953333333,39.3099994659424,0.145337565642568,2.9929993
2021-12-07 14:00:00,"PS012",6,50.206833,11.755972,"nocore",0,21.662320662864,"1500",10.5994205474854,2.95722198486328,602.580017089844,0.138702243566513,0.98997163772583,341,341,"2021",0.498083453818405,-0.0432517979588868,NA,NA,NA,NA,NA,NA,NA,22.4300003051758,25.7259712538771,1.6,61.8400001525879,28.8454812908086,1.31333196666667,39.4099998474121,30.4052363092744,1.16999795
2021-12-09 10:00:00,"P0101",7,50.108694,11.855194,"core",0,16.7573182004822,"1500",10.5313682556152,3.73862409591675,653.150024414062,0.777219533920288,0.628857553005219,343,343,"2021",0.191536232526752,-0.00824927454409391,5.921,0.768877812733742,2.376,0.201,11.8208955223881,0.456152423551675,86.4982085611918,17.2441,9.16264145192328,1.7,58.4085,18.7916372489307,1.37666433333333,41.1644,23.6061351474345,1.2149965
2021-12-10 09:00:00,"P0151",8,50.208507,11.839507,"core",0,15.0240636171714,"1600",9.09530735015869,3.34914135932922,511.089996337891,0.126887395977974,0.984842002391815,344,344,"2021",0.502543726537013,-0.0432471489045103,5.782,1.01535572387723,3.572,0.304,11.75,0.900946215139443,50.5831628986789,35.7021,31.9886186228516,2.6,69.0594,29.6899968470547,2.44332666666667,33.3573,28.5406859591562,2.36499
2021-12-16 10:00:00,"P0201",9,50.075148,11.828917,"core",10,72.8648602936437,"1000",10.6206846237183,4.55191135406494,759.799987792969,-0.804720520973206,-0.593528211116791,350,350,"2021",0.703754325882173,-0.00505500988542551,3.756,0.0677740740637257,33.937,1.42,23.8992957746479,3.93878000440432,32.2822319132282,38.9995,12.8192351636073,3.3,122.4625,15.8160000858322,3.40500175,83.463,16.8149217265739,3.44000233333333
2021-12-20 09:00:00,"P0153",10,50.087048,11.848669,"core",0,62.8911549619361,"1600",11.8608999252319,1.47651267051697,634.02001953125,-0.833594024181366,0.552337229251862,354,354,"2021",0.399594800780308,-0.101704383631608,6.415,0.69061309391282,6.101,0.492,12.400406504065,1.23728564068595,53.9706144786152,41.9998,20.5671160688195,1.5,94.4377,27.942667211328,2.63333133333333,52.4379,31.6304427825822,3.199997
2022-01-07 11:00:00,"PS026",11,50.12856,11.73463,"nocore",0,50.4603932956595,"1500",11.5921907424927,3.16459059715271,562.409973144531,-0.0626251026988029,0.99721747636795,7,372,"2022",-0.0111914896973674,-0.393338491848347,NA,NA,NA,NA,NA,NA,NA,28.9400005340576,19.332779609257,1.3,68.3100004196167,25.2047234077877,1.60999966666667,39.3699998855591,28.1406953070531,1.7649995
2022-01-07 13:00:00,"PS027",12,50.18364,11.74005,"nocore",0,3.38906875072716,"1500",10.1953210830688,1.65560793876648,570.539978027344,-0.64850240945816,-0.759891211986542,7,372,"2022",0.0123626138379819,-0.146913230196741,NA,NA,NA,NA,NA,NA,NA,22.5699996948242,17.4682813175064,1.4,62.4999980926514,25.0507868927217,1.983329,39.9299983978271,28.8420396803294,2.2749935
2022-01-07 14:00:00,"PS018",13,50.0568,11.97008,"nocore",6,65.5534251591157,"1000",10.8008985519409,0.31166085600853,628.47998046875,-0.545349419116974,0.548411071300507,7,372,"2022",0.649237264885826,-0.0883420655474045,NA,NA,NA,NA,NA,NA,NA,54.2400016784668,10.317586727879,3.4,110.720002174377,8.86560188653073,3.85499725,56.4800004959106,8.38160693941464,4.006663
2022-01-13 10:00:00,"P0202",14,50.202253,11.852486,"core",10,51.3919527241511,"1000",8.99602031707764,5.52871656417847,576.630004882812,0.887836635112762,0.458173543214798,13,378,"2022",0.382558621196397,-0.11302931017146,4.124,0.17217671116305,40.268,1.584,25.4217171717172,5.60756853396901,43.8386736808545,76.2653,6.44562417185387,2.8,131.3229,11.8703332921511,2.7475005,55.0576,13.6785696655835,2.73000066666667
2022-01-14 10:00:00,"P0103",15,50.09851,11.797039,"core",0,14.5848172462101,"1500",10.7080039978027,5.629967212677,657.559997558594,0.995222747325897,-0.0940432772040367,14,379,"2022",0.0301807229874663,-0.165807229115153,NA,0.750612264442276,3.316,0.264,12.5606060606061,0.595013618269433,57.2323943661972,21.4699,13.3449768071783,0.7,67.8811,21.8397198157438,0.5433309,46.4112,26.0870913200266,0.46499635
2022-01-17 10:00:00,"P0152",16,50.211893,11.887627,"core",0,29.1498567225125,"1500",8.80746269226074,3.24748921394348,541.119995117188,-0.789349853992462,0.612465858459473,17,382,"2022",0.185106511998796,0.0770737001322612,7.312,1.09233642576596,4.27,0.366,11.6666666666667,0.726233023588277,77.2637795275591,42.2241,19.764780739358,1.1,79.1489,25.2152927386943,2.01999733333333,36.9248,27.9405487383625,2.479996
2022-01-20 09:00:00,"P0203",17,50.136556,11.846861,"core",10,9.6802308089952,"1000",8.73055839538574,11.6519346237183,730.710021972656,-0.89461761713028,0.43037411570549,20,385,"2022",0.244970547482269,-0.0385530702290542,NA,0.0980508131548284,25.133,1.162,21.6290877796902,4.52110514198005,39.3184518757426,17.2502,10.2681909189363,2.3,42.2739,7.6904943835641,2.8249925,25.0237,6.8312622051067,2.99999
2022-01-21 11:00:00,"P0104",18,50.105065,11.922489,"core",0,22.2705814959087,"1500",10.6847200393677,3.50239872932434,623.840026855469,-0.891893267631531,0.450267195701599,21,386,"2022",0.0373795935342546,0.0127447224514755,NA,0.963140239357344,3.243,0.251,12.9203187250996,0.564371118732042,85.6873049761866,27.0768,22.0186735306444,1.1,76.9883,26.1876536128895,0.771999133333333,49.9115,28.272143654012,0.6079987
2022-01-27 10:00:00,"P0204",19,50.055621,11.952927,"core",7,27.8794944837309,"1000",10.0764131546021,1.8186571598053,641.559997558594,0.910075008869171,-0.411740869283676,27,392,"2022",0.498305104500825,-0.116557171270315,NA,0.158586532580853,36.038,1.362,26.4596182085169,4.26253509827517,40.2013833341175,40.006,8.02935925829852,3,101.5694,6.72452269332517,2.7850035,61.5634,6.28957717166739,2.713338
2022-01-28 11:00:00,"P0105",20,50.176334,11.840065,"core",0,11.4514952148323,"1500",8.73852634429932,2.36795449256897,533.52001953125,-0.982789695262909,0.0380410812795162,28,393,"2022",0.084782873706879,0.0628021167371451,5.522,0.749118803013464,1.75,0.141,12.4113475177305,0.51650596114568,50.9656060327386,12.1324,21.3682992199798,0.8,52.5784,23.1375999470318,0.644331922666667,40.446,24.0222503105578,0.566497884
2022-02-01 13:00:00,"PS028",21,50.07848,11.904,"nocore",13,41.1641527673502,"1000",7.41375207901001,13.7807540893555,635.179992675781,-0.709611296653748,0.70177948474884,32,397,"2022",0.424044691608938,-0.146997209076442,NA,NA,NA,NA,NA,NA,NA,56.6800003051758,3.29071951780344,2.8,127.909999847412,9.12489167380765,3.62249325,71.2299995422363,11.0696157258091,3.89665766666667
2022-02-01 15:00:00,"PS029",22,50.11003,11.92131,"nocore",0,22.3840086605958,"1500",10.6959266662598,3.26767039299011,603.369995117188,-0.996253550052643,-0.0542730055749416,32,397,"2022",0.0666125774003643,0.0196895003279568,NA,NA,NA,NA,NA,NA,NA,22.9099998474121,10.0324914671489,0.8,66.1999988555908,8.49204834188129,0.990004366666667,43.2899990081787,7.72182677924748,1.08500655
2022-02-01 17:00:00,"PS030",23,50.14737,11.92747,"nocore",10,31.3192123741067,"1000",10.5216989517212,4.63730001449585,638.590026855469,-0.341819673776627,0.93973696231842,32,397,"2022",0.310779411553898,-0.0183926472988199,NA,NA,NA,NA,NA,NA,NA,44.75,12.9314402556714,2,97.2399997711182,16.1895676712663,2.70819027777778,52.4899997711182,17.2756101431313,2.9442537037037
2022-02-02 11:00:00,"PS031",24,50.09917,11.80723,"nocore",10,21.261852426647,"1000",10.4993762969971,7.15908098220825,694.52001953125,0.926329553127289,-0.375689685344696,33,398,"2022",0.255388933743693,-0.10236599189776,NA,NA,NA,NA,NA,NA,NA,48.7000007629395,11.5614773505223,2.5,108.710000991821,12.2950300705764,2.677498,60.0100002288818,12.5395476439278,2.736664
2022-02-02 13:00:00,"PS032",25,50.14669,11.94386,"nocore",0,3.66104502573269,"1500",10.495530128479,5.15332269668579,617.190002441406,-0.889964282512665,-0.455658316612244,33,398,"2022",0.101457531205199,0.0357400904659294,NA,NA,NA,NA,NA,NA,NA,22.9699993133545,17.9659720603809,0.6,63.0499992370605,23.3017639856572,0.9733357,40.0799999237061,25.9696599482954,1.16000355
2022-02-02 16:00:00,"PS033",26,50.22369,11.91324,"nocore",0,132.288874274161,"1500",9.16627597808838,2.49722933769226,548.119995117188,-0.084882989525795,-0.994743466377258,33,398,"2022",0.24790657854786,0.224717104808721,NA,NA,NA,NA,NA,NA,NA,27.6800003051758,30.3044007335548,0.7,61.9599990844727,31.0812365738368,0.703334566666667,34.2799987792969,31.4696544939778,0.70500185
2022-02-03 10:00:00,"P0205",27,50.213667,11.754528,"core",9,26.0666574550125,"1000",10.2624292373657,2.32629489898682,578.169982910156,-0.965394854545593,0.251499950885773,34,399,"2022",0.38967669177462,-0.0952944871928674,NA,0.149804590185246,NA,NA,NA,5.78348909657321,46.0005386479935,69.2799987792969,12.6486827610103,2.2,152.809198779297,20.2784920056353,2.05473271230159,83.5292,22.8217617538436,2.00631028306878
2022-02-04 10:00:00,"P0154",28,50.223933,11.823274,"core",0,50.5583293329059,"1600",9.10116577148438,1.41021525859833,555.380004882812,0.892821371555328,-0.283582210540771,35,400,"2022",0.326637764656934,0.121052022384541,6.429,1.03896301919765,3.795,0.321,11.8224299065421,0.852625908968489,58.0769473750711,38.698,22.0300729796154,1.1,83.4497,25.754933415052,0.873002163333333,44.7517,27.6173636327703,0.759503245
2022-02-04 10:00:00,"PS034",29,50.20591,11.75241,"nocore",0,26.259717810239,"1500",10.5090246200562,3.60696768760681,607.700012207031,0.431210577487946,0.901926577091217,35,400,"2022",0.0467396709350569,0.0071921397788437,NA,NA,NA,NA,NA,NA,NA,24.7099990844727,26.7438132256164,0.9,64.3399991989136,26.5297567404641,0.5599996,39.6300001144409,26.422728497888,0.3899994
2022-02-04 11:00:00,"PS036",30,50.16568,11.74856,"nocore",0,5.16022637019978,"1600",9.44853210449219,4.10923767089844,590.640014648438,-0.903994679450989,0.413060456514359,35,400,"2022",0.0218000000285415,0.00890153844948285,NA,NA,NA,NA,NA,NA,NA,33.9599990844727,27.5028846333912,1.3,77.1499996185303,29.4225023352665,0.856673166666667,43.1900005340576,30.3823111862041,0.63500975
2022-02-07 10:00:00,"P0155",31,50.129343,11.80835,"core",0,10.3211197638241,"1600",10.3067312240601,4.85593461990356,635.440002441406,0.673065900802612,0.739565014839172,38,403,"2022",0.0314407104547097,-0.000357103868180254,NA,0.645136140607665,6.915,0.612,11.2990196078431,1.35886618325643,58.8289511982148,44.5214,34.8502257234075,1.5,102.5956,30.3314570116164,0.9900004,58.0742,28.0720726557208,0.7350006
2022-02-10 11:00:00,"P0206",32,50.12132,11.96634,"core",10,97.5057535245859,"1000",8.0487003326416,7.59500360488892,590.760009765625,-0.930418491363525,-0.35368287563324,41,406,"2022",0.365119296557681,-0.066682243038741,4.346,0.132337091445045,41.606,1.669,24.9286998202516,5.19965772960639,36.006582556226,59.6764,9.58786445694396,3.5,118.889,17.5502669650841,3.2350005,59.2126,20.2044011344641,3.14666733333333
2022-02-11 10:00:00,"P0106",33,50.120369,11.992307,"core",0,55.8502718469798,"1500",9.7448034286499,3.53525328636169,571.049987792969,-0.648035764694214,0.761369168758392,42,407,"2022",0.25646496829903,0.10027388540233,6.452,0.838147511321653,2.798,0.178,15.7191011235955,0.599253731343283,55.6496471564965,19.913,20.8508405430261,2.3,40.2011,15.079999514342,2.034667,20.2881,12.194579,1.9020005
2022-02-14 10:00:00,"P0156",34,50.073714,11.95415,"core",0,76.8806392429861,"1600",12.6699466705322,3.16911935806274,609.460021972656,-0.746420562267303,0.662886202335358,45,410,"2022",0.199737671074419,0.0530126711090928,6.232,0.788204870566901,6.023,0.444,13.5653153153153,1.10031294452347,48.2107767090702,46.1688,27.0217886634934,1.2,89.2826,24.9605112748262,1.85333866666667,43.1138,23.9298725804925,2.180008
2022-02-18 10:00:00,"P0207",35,50.101618,11.906197,"core",4,49.8603618373274,"1000",11.143853187561,3.10579943656921,632.280029296875,-0.479382127523422,0.876758217811584,49,414,"2022",0.28351565415441,-0.00282872875322265,NA,0.104962869158271,40.225,2.009,20.0223992035839,5.14282501124606,42.6459654493768,16.8834,12.545751452344,3.3,71.3446,16.4609082208458,3.08996287261905,54.4612,17.7659604770131,3.0199504968254
2022-02-21 10:00:00,"P0107",36,50.182029,11.740807,"core",0,11.0242230452673,"1500",10.1445236206055,2.56505727767944,571.640014648438,0.457012504339218,0.887489020824432,52,417,"2022",0.0490835566757308,0.0328543118321415,6.578,0.984474273496308,2.103,0.179,11.7486033519553,0.494407250163292,67.8308975311701,20.1201,17.3294822266463,3,59.1115,22.4771993176873,3.50333666666667,38.9914,25.0510578632078,3.755005
2022-03-03 10:00:00,"P0208",37,50.064917,11.815917,"core",0,41.9945672772011,"1000",10.688627243042,7.82602024078369,753.820007324219,0.566660344600677,0.823038697242737,62,427,"2022",0.258044402995539,0.0608959295980763,4.185,0.162139098274868,32.387,1.473,21.9871011541073,3.79686727122836,43.2820913670314,52.512,14.4701983919943,1.1,99.0514,4.09542522719804,0.23249655,46.5394,0.637167505599281,-0.0566712666666667
2022-03-04 11:00:00,"P0108",38,50.147609,11.942739,"core",0,2.57934743946055,"1500",11.3806705474854,4.02296113967896,606.049987792969,-0.947230994701385,-0.320390045642853,63,428,"2022",0.0804280250469986,0.0199885222368701,6.084,1.16951432998857,2.536,0.201,12.6169154228856,0.566209050628314,47.8768441308531,25.0172,14.6421674756652,-0.4,66.5919,19.4874288938521,0.958001733333333,41.5747,21.9100596029455,1.6370026
2022-03-08 10:00:00,"P0109",39,50.120788,11.753815,"core",0,10.6979606091509,"1500",9.56054496765137,1.8169971704483,539.880004882812,-0.0965558588504791,-0.991549611091614,67,432,"2022",0.201163405045838,0.0455655575367219,6.712,0.985101112909516,2.339,0.175,13.3657142857143,0.595439780905674,49.6737618996684,20.694,10.5909222532882,0.6,58.5996,9.22458344173348,0.543661526666667,37.9056,8.54141403595612,0.51549229
2022-03-08 15:00:00,"PS037",40,50.16569,11.80676,"nocore",10,111.085875701305,"1000",10.0481872558594,4.18283319473267,547.119995117188,-0.879446983337402,-0.472784519195557,67,432,"2022",0.37631932746212,0.17220168066125,NA,NA,NA,NA,NA,NA,NA,46.9500007629395,15.718363742297,2.7,95.1300010681152,19.2519592904501,2.55,48.1800003051758,20.4298244731678,2.5
2022-03-08 17:00:00,"PS038",41,50.13871,11.74347,"nocore",0,76.3070806109492,"1600",12.4794988632202,3.41063761711121,562.890014648438,-0.0841783583164215,0.993784248828888,67,432,"2022",0.269537014525058,0.110298543347914,NA,NA,NA,NA,NA,NA,NA,40.8699989318848,21.9580410772421,0.9,81.4599981307983,24.3848558661712,0.446667466666667,40.5899991989136,25.5982632606357,0.2200012
2022-03-09 11:00:00,"PS039",42,50.22379,11.82334,"nocore",0,69.7349593190163,"1600",9.12726974487305,3.71831393241882,554.150024414062,0.963977456092834,0.252557575702667,68,433,"2022",0.317560693231162,0.00611367893471654,NA,NA,NA,NA,NA,NA,NA,33.5499992370605,19.8164358060343,0.6,77.0200004577637,23.0981243531782,0.879992733333333,43.4700012207031,24.7389686267501,1.0199891
2022-03-09 12:00:00,"PS040",43,50.19355,11.87027,"nocore",0,63.2543981242674,"1500",10.4481563568115,3.49549126625061,535.890014648438,0.424445629119873,0.904981791973114,68,433,"2022",0.347394085454625,-0.038682943162607,NA,NA,NA,NA,NA,NA,NA,24.5699996948242,15.8153850484258,0.7,63.8299989700317,23.8694739786112,0.9099995,39.2599992752075,27.8965184437039,1.01499925
2022-03-09 15:00:00,"PS041",44,50.11628,11.91149,"nocore",0,19.4187975827663,"1500",13.1900959014893,1.90703916549683,612.570007324219,0.144982218742371,0.967301189899445,68,433,"2022",0.0997711865051839,0.0163188557943598,NA,NA,NA,NA,NA,NA,NA,26.8199996948242,6.51774840772996,0.1,71.0799980163574,17.8369881533985,1.28667,44.2599983215332,23.4966080262327,1.880005
2022-03-10 10:00:00,"PS043",45,50.08105,11.94699,"nocore",0,11.6164178348725,"1500",9.63773345947266,2.05240797996521,621.390014648438,0.953930497169495,-0.299659311771393,69,434,"2022",0.156621016628701,-0.02298709520791,NA,NA,NA,NA,NA,NA,NA,22.1100006103516,12.4338960065349,1,60.7100009918213,16.1264716212742,0.912628544973545,38.6000003814697,17.9727594286438,0.868942817460317
2022-03-10 13:00:00,"PS044",46,50.10017,11.84352,"nocore",0,64.2535159182295,"1600",11.4304990768433,2.23228883743286,638.989990234375,0.890369951725006,0.45436829328537,69,434,"2022",0.288268069812495,0.163020128310954,NA,NA,NA,NA,NA,NA,NA,38.5400009155273,19.6245816141656,0.5,81.0200004577637,21.4062917361225,1.34000666666667,42.4799995422363,22.297146797101,1.76001
2022-03-10 15:00:00,"PS045",47,50.08311,11.80807,"nocore",10,92.2298194278163,"1000",10.9713935852051,7.59416961669922,686.02001953125,-0.978536188602448,-0.196593374013901,69,434,"2022",0.328549662891577,0.129548436426743,NA,NA,NA,NA,NA,NA,NA,44.4599990844727,6.05056212393512,1.9,100.329998970032,14.3598945556128,2.3024995,55.8699998855591,17.1296720328386,2.436666
2022-03-10 16:00:00,"PS046",48,50.07625,11.82754,"nocore",10,81.7108330000344,"1000",9.85695743560791,7.28368949890137,745.630004882812,-0.713273108005524,-0.699806749820709,69,434,"2022",0.320349488253442,0.0944746090931813,NA,NA,NA,NA,NA,NA,NA,51.7900009155273,3.95302210453316,2,111.190000534058,10.6158118875732,2.840004,59.3999996185303,12.8367418152532,3.12000533333333
2022-03-14 10:00:00,"P0158",49,50.208789,11.92656,"core",0,73.6249714033261,"1600",13.5210542678833,2.09994339942932,523.780029296875,-0.970786094665527,0.231479480862617,73,438,"2022",0.330749430288486,0.0722619592464595,5.45,0.880146009592549,5.421,0.498,10.8855421686747,1.02169349195241,53.5159817351598,46.0736,25.3645366769603,0.7,86.7778,26.4845156754007,0.543341066666667,40.7042,27.044505174621,0.4650116
2022-03-17 09:00:00,"P0209",50,50.20175,11.951639,"core",10,80.3216616071429,"1000",10.6398477554321,2.28763771057129,542.599975585938,-0.992561936378479,-0.121146589517593,76,441,"2022",0.356885412814249,0.0762181826424145,3.78,0.134088039554922,42.12,1.521,27.6923076923077,4.19748913568325,42.294566509452,56.4779,11.392827886219,4.1,93.5972,16.4651473061599,3.45750275,37.1193,18.1559204461402,3.243337
2022-03-18 09:00:00,"P0110",51,50.16101,11.768444,"core",0,49.0920052372813,"1500",8.82979488372803,3.76262354850769,565.710021972656,-0.991934180259705,0.118215464055538,77,442,"2022",0.086047393534668,-0.0611374406276439,6.34,1.14265624079631,2.23,0.2,11.15,0.471902295740898,60.6961506961507,23.8985,9.66940843101974,4,73.7127,15.9441174909086,3.75,49.8142,19.081472020853,3.625
2022-03-21 10:00:00,"P0159",52,50.220365,11.838654,"core",0,87.2279133930734,"1600",11.0856075286865,5.25561189651489,557.090026855469,0.986130714416504,0.0723943337798119,80,445,"2022",0.359674373257597,0.0311714828531177,6.505,0.68530291175195,6.393,0.564,11.3351063829787,1.28384379785605,43.1979483509275,43.8023,25.3101124448694,2.8,101.8054,27.5630273202907,2.87999866666667,58.0031,28.6894847580013,2.919998
2022-03-24 09:00:00,"P0210",53,50.141309,11.917535,"core",10,79.4253709522712,"1000",9.9077672958374,3.92958974838257,720.109985351562,0.984945237636566,0.166710406541824,83,448,"2022",0.322064946210045,0.00312455516852095,4.133,0.157165506303247,33.914,1.364,24.8636363636364,4.89827988957316,31.6743258475678,53.3011,12.3725752652328,4.3,98.7539,16.4473226059705,3.4975005,45.4528,17.8055717195498,3.23000066666667
2022-03-25 11:00:00,"P0160",54,50.074263,11.966563,"core",0,111.519252887421,"1600",10.0858860015869,5.10549449920654,571.340026855469,-0.984412848949432,-0.159083038568497,84,449,"2022",0.207288524948183,0.0147213116043904,6.654,0.810157266644098,2.015,0.154,13.0844155844156,0.565257529714967,51.0309629125553,15.8749,17.9658392339826,4.1,45.5183,18.6001834487811,3.60600466666667,29.6434,18.9173555561804,3.359007
2022-03-28 08:00:00,"P0161",55,50.119883,11.952959,"core",0,183.983266369372,"1600",11.3871335983276,2.65534734725952,556.510009765625,0.811748385429382,-0.583440661430359,87,452,"2022",0.346019699987842,0.0352101317461839,6.573,0.749832298672135,8.154,0.699,11.6652360515021,1.33337805205259,47.2582754804306,60.7382,16.8274133489331,5.2,110.5868,16.961294507715,4.88633236666667,49.8486,17.0282350871059,4.72949855
2022-04-01 09:00:00,"P0111",56,50.217783,11.964358,"core",0,16.6447056458754,"1500",10.4639749526978,2.68831777572632,553.059997558594,0.701223969459534,0.712357938289642,91,456,"2022",0.135241974069067,0.00258609700357926,5.28,1.13092270428423,2.123,0.183,11.6010928961749,0.55844923188801,55.1639944656954,19.687,15.625221006145,1.9,50.695,21.1684903353817,4.35999766666667,31.008,23.940125,5.5899965
2022-04-04 08:00:00,"P0162",57,50.174333,11.894972,"core",0,69.448995364001,"1600",11.3183012008667,3.11679744720459,566.530029296875,-0.778291761875153,-0.627225935459137,94,459,"2022",0.291951139909534,0.0163615637668181,5.852,0.81803925027673,5.022,0.426,11.7887323943662,1.27925130843609,49.5388669301712,40.7341,6.74027396388835,1.8,88.6102,13.238359346974,1.976668,47.8761,16.4874020385169,2.065002
2022-04-04 19:00:00,"PS047",58,50.05806,11.95378,"nocore",10,59.8621051569349,"1000",12.1754875183105,3.2128484249115,632.960021972656,-0.874649226665497,0.39188227057457,94,459,"2022",0.342942046728329,-0.011072049945012,NA,NA,NA,NA,NA,NA,NA,47.5299987792969,14.6707002379169,2.9,106.689998626709,16.1176673488475,3.13249375,59.1599998474121,16.5999897191577,3.20999166666667
2022-04-05 08:00:00,"P0211",59,50.149303,11.925128,"core",6,66.8231945261578,"1000",10.1417188644409,6.65257120132446,650.849975585938,-0.396290183067322,0.917694866657257,95,460,"2022",0.245879999786615,-0.111984000831842,3.985,0.25862678252433,40.226,1.518,26.4993412384717,5.21481481481482,44.5667613636363,62.4211,11.3647655088728,2.8,138.231299809265,12.1466802579307,1.86999825,75.8101998092651,12.4073185076166,1.55999766666667
2022-04-05 12:00:00,"PS048",60,50.15924,12.00333,"nocore",5,87.7232255768581,"1000",11.0301065444946,3.27928280830383,585.169982910156,0.964099407196045,-0.265064269304276,95,460,"2022",0.327431155613918,-0.0108100503832851,NA,NA,NA,NA,NA,NA,NA,44.5299987792969,13.9390818938608,4,96.2200002670288,17.2184633707667,3.01672748015873,51.6900014877319,18.3115905297354,2.68896997354497
2022-04-05 16:00:00,"PS049",61,50.11266,11.89124,"nocore",0,98.029046734076,"1600",10.4225692749023,2.65767765045166,634.039978027344,-0.982138574123383,-0.185228183865547,95,460,"2022",0.148078817929247,-0.110256156420766,NA,NA,NA,NA,NA,NA,NA,31.6700000762939,7.69740025557724,2.5,73.8799991607666,16.8408552172408,2.92332966666667,42.2099990844727,21.4125826980726,3.1349945
2022-04-05 17:00:00,"PS050",62,50.13345,11.86488,"nocore",10,44.6541070613187,"1000",10.9878787994385,5.73782300949097,762.320007324219,-0.740919828414917,0.671245157718658,95,460,"2022",0.27344466149703,-0.0556385206982795,NA,NA,NA,NA,NA,NA,NA,43.3899993896484,17.4332574367161,2.8,104.090000152588,17.9426632891529,2.90249925,60.7000007629395,18.1124652399651,2.93666566666667
2022-04-06 10:00:00,"PS052",63,50.19121,11.82657,"nocore",0,20.0935224122181,"1500",9.02693462371826,1.97307598590851,561.140014648438,-0.988024115562439,-0.138351753354073,96,461,"2022",0.0698488599435708,-0.0395107491518271,NA,NA,NA,NA,NA,NA,NA,23.3199996948242,8.46835663357597,4.6,59.9399995803833,18.8324318533497,4.69000033333333,36.6199998855591,24.0144694632366,4.7350005
2022-04-06 11:00:00,"PS053",64,50.18814,11.86412,"nocore",0,186.54708743089,"1600",10.1461896896362,2.48147749900818,547.77001953125,0.531736791133881,0.845199823379517,96,461,"2022",0.378677265664289,0.074952835774826,NA,NA,NA,NA,NA,NA,NA,36.2599983215332,31.9754838199753,4.4,80.9099988937378,31.1540073012217,3.96666666666667,44.6500005722046,30.7432690418449,3.75
2022-04-06 13:00:00,"PS054",65,50.17936,11.89623,"nocore",0,486.290020238168,"1500",9.58242893218994,3.2511134147644,548.510009765625,-0.391599029302597,-0.917757451534271,96,461,"2022",0.164929965654245,-0.0457749712044623,NA,NA,NA,NA,NA,NA,NA,21.4099998474121,7.57618197784108,6.1,59.3600006103516,20.7337427551236,5.18333733333333,37.9500007629395,27.3125231437648,4.725006
2022-04-06 15:00:00,"PS055",66,50.21394,11.77281,"nocore",0,62.0955551300102,"1500",11.2901029586792,0.78077220916748,603.309997558594,-0.963035881519318,0.266391396522522,96,461,"2022",0.179492149180326,-0.00227330706582218,NA,NA,NA,NA,NA,NA,NA,24.8999996185303,24.2604601745838,5.3,69.6199989318848,25.300654156758,4.943333,44.7199993133545,25.8207511478451,4.7649995
2022-04-06 17:00:00,"PS056",67,50.18945,11.74489,"nocore",0,166.239010595106,"1500",10.1128349304199,6.19405651092529,560.140014648438,0.974776864051819,0.222699657082558,96,461,"2022",0.116930835850816,0.0133919309642198,NA,NA,NA,NA,NA,NA,NA,22.2800006866455,13.2567970996079,7,62.3400001525879,21.9510969392589,5.736674,40.0599994659424,26.2982468590844,5.105011
2022-04-07 08:00:00,"P0112",68,50.132085,11.949778,"core",0,34.4132110424432,"1500",11.1080112457275,2.26251363754272,566.659973144531,0.149888068437576,0.982857584953308,97,462,"2022",0.155168237116985,0.00679273222489121,5.883,0.960234003124513,2.74,0.214,12.803738317757,0.519067215363512,61.060926388622,23.9055,12.9507533434064,5.4,75.4724,18.804062781804,4.926658,51.5669,21.7307175010028,4.689987
2022-04-08 09:00:00,"P0113",69,50.097088,11.928197,"core",0,18.9083063287139,"1500",10.1285982131958,3.88131928443909,599.840026855469,0.77280330657959,0.634637892246246,98,463,"2022",0.214005882957695,-0.0283686264691984,7.183,1.147306896238,2.277,0.195,11.6769230769231,0.611745008061515,56.1784085149518,24.0282,8.65772453320287,3.9,75.8624,20.1270961285994,3.67999466666667,51.8342,25.8617819262977,3.569992
2022-04-11 10:00:00,"P0212",70,50.096329,11.780772,"core",5,66.4376048738334,"1000",11.3144216537476,8.99687957763672,623.900024414062,-0.820294618606567,-0.549450695514679,101,466,"2022",0.29169575268525,-0.0303467185887361,4.022,0.287925760684429,43.97,1.879,23.4007450771687,4.95981890209395,52.8639890460977,69.6305,19.7391877672008,1.9,139.845300915527,12.2331743493517,1.82999575,70.2148009155273,9.73116987673536,1.806661
2022-04-25 08:00:00,"P0104",71,50.105065,11.922489,"core",0,94.4055760031532,"1500",10.6847200393677,3.50239872932434,623.840026855469,-0.891893267631531,0.450267195701599,115,480,"2022",0.160926896089905,-0.0436204065691805,7.06,1.45686362193279,2.618,0.199,13.1557788944724,0.538016195815471,70.0538037185861,34.2971,21.39571,6.8,83.0793,22.82481,7.333327,48.7822,23.53936,7.5999905
2022-04-26 09:00:00,"P0156",72,50.073714,11.95415,"core",0,303.728348554201,"1600",12.6699466705322,3.16911935806274,609.460021972656,-0.746420562267303,0.662886202335358,116,481,"2022",0.548427739423023,0.115361642278093,5.8,0.688238453267001,7.367,0.583,12.6363636363636,1.12924606462303,56.1424961278226,50.6885,22.9819,7,91.007,21.28263,7.44666566666667,40.3185,20.432995,7.6699985
2022-04-28 09:00:00,"P0204",73,50.055621,11.952927,"core",15,126.037376330509,"1000",10.0764131546021,1.8186571598053,641.559997558594,0.910075008869171,-0.411740869283676,118,483,"2022",0.30304619326172,-0.0430712858164518,3.87,0.0957582240936237,47.978,1.476,32.5054200542005,5.02694034637588,46.0805580366637,68.9143,5.366285,5.9,123.1529,9.215272,5.394998,54.2386,10.4982676666667,5.226664
2022-05-04 09:00:00,"P0203",74,50.136556,11.846861,"core",5,131.152819725996,"1000",8.73055839538574,11.6519346237183,730.710021972656,-0.89461761713028,0.43037411570549,124,489,"2022",0.322976799087123,0.0426983882221009,4.28,0.119034634520813,40.247,2.053,19.6039941548953,5.60204918032787,21.8816299656156,28.7447,7.15708046093988,7.3,52.197,6.42270624634025,7.17741037103175,23.4523,6.17791484147371,7.13654716137566
2022-05-05 10:00:00,"P0103",75,50.09851,11.797039,"core",0,163.497198197355,"1500",10.7080039978027,5.629967212677,657.559997558594,0.995222747325897,-0.0940432772040367,125,490,"2022",0.450899597990465,0.110240963388638,5.9,0.8819148198397,2.758,0.225,12.2577777777778,0.561563024300482,44.8824209714726,20.763,14.0775108771339,10,58.116,14.778678145346,10.2486646,37.353,15.1292617794521,10.3729969
2022-05-10 08:00:00,"P0205",76,50.213667,11.754528,"core",7,116.983250537724,"1000",10.2624292373657,2.32629489898682,578.169982910156,-0.965394854545593,0.251499950885773,130,495,"2022",0.34540852131252,-0.0174749375958191,3.94,0.564431637465186,28.178,1.115,25.2717488789238,3.39229633606227,39.2269346415572,111.3319,8.36625315757153,8.3,177.8734,9.53963388717233,8.13151562103175,66.5415,9.93076079703926,8.07535416137566
2022-05-11 08:00:00,"P0154",77,50.223933,11.823274,"core",0,270.886059746827,"1600",9.10116577148438,1.41021525859833,555.380004882812,0.892821371555328,-0.283582210540771,131,496,"2022",0.636932564264088,0.0685857431622139,6.457,1.00332263990019,3.517,0.296,11.8817567567568,0.91189514142111,26.6183940343672,34.9366,8.105927,13.2,77.2382,14.902869,12.7099966666667,42.3016,18.30134,12.464995
2022-05-12 09:00:00,"P0105",78,50.176334,11.840065,"core",0,60.7468724739836,"1500",8.73852634429932,2.36795449256897,533.52001953125,-0.982789695262909,0.0380410812795162,132,497,"2022",0.26251026315927,0.0809688903793102,5.66,1.36681542275777,1.79,0.165,10.8484848484848,0.621386041372537,30.3072211794922,23.7342,10.0708169020459,15.7,60.0923,18.7806084220702,14.7966666666667,36.3581,23.1355041820824,14.345
2022-05-17 09:00:00,"P0155",79,50.129343,11.80835,"core",0,293.045338442267,"1600",10.3067312240601,4.85593461990356,635.440002441406,0.673065900802612,0.739565014839172,137,502,"2022",0.572946721582058,0.0322226780095225,6.995,0.679640401084565,6.855,0.598,11.4632107023411,1.29918661755678,33.6424310436477,46.4729,12.9927047677913,13.7,99.1471,14.6087370344431,13.0380013333333,52.6742,15.4167531677691,12.707002
2022-05-18 10:00:00,"P0213",80,50.220131,11.812314,"core",15,81.1799332333663,"1000",9.05610942840576,2.43548393249512,543.940002441406,0.496834844350815,-0.860500395298004,138,503,"2022",0.471501243351704,0.10173507477736,3.99,0.142102627760621,44.63,1.778,25.1012373453318,7.98244473342002,10.8495560804757,88.7886,3.685093,9.6,121.1309,12.38145675,8.177504,32.3423,15.2802446666667,7.70333866666667
2022-05-19 10:00:00,"P0114",81,50.214121,11.773766,"core",0,87.1417020408598,"1500",9.9589147567749,1.77466535568237,602.039978027344,-0.91793155670166,0.386628299951553,139,504,"2022",0.347479882437125,-0.0143837094511672,6.08,0.984296725988449,1.888,0.174,10.8505747126437,0.624076868101326,21.2431607074691,17.7736,9.65663628869358,15.5,55.9506,12.5526678383037,15.0180023333333,38.177,14.0006836131088,14.7770035
2022-05-24 09:00:00,"P0163",82,50.164144,11.744589,"core",0,162.882157572141,"1600",9.95578861236572,1.97690606117249,602.219970703125,0.753705978393555,0.642166793346405,144,509,"2022",0.478253731087073,-0.0924216411006984,5.927,0.808164709204037,4.284,0.385,11.1272727272727,1.00073128199359,35.2276559865092,34.5857,12.7962115054812,16.2,85.7199,20.2427321740654,14.93667,51.1342,23.9659925083575,14.305005
2022-05-25 09:00:00,"P0214",83,50.177963,11.927022,"core",0,176.543080735112,"1000",10.671745300293,6.65925264358521,636.799987792969,-0.998791098594666,-0.00844078790396452,145,510,"2022",0.276141531056705,-0.0658700688809087,3.71,0.219434877787951,48.223,1.724,27.9715777262181,6.45266507557677,14.5974602391813,105.8181,3.80358632457977,10.5,154.1889,6.67540268344703,10.84249875,48.3708,7.63267480306945,10.956665
2022-05-31 12:00:00,"PS067",84,50.194,11.87305,"nocore",0,119.31591981133,"1500",10.5153245925903,2.78912115097046,526.619995117188,0.253838330507278,0.966733694076538,151,516,"2022",0.351175162994784,0.049054465804874,NA,NA,NA,NA,NA,NA,NA,24.5200004577637,4.45260599484844,14.2,63.7299995422363,16.7812315414444,13.7999966666667,39.2099990844727,22.9455443147424,13.599995
2022-05-31 14:00:00,"PS068",85,50.22797,11.8372,"nocore",10,166.744586566214,"1000",10.2114763259888,4.23462390899658,601.330017089844,0.276129513978958,-0.960452497005463,151,516,"2022",0.428163792809536,0.0305381757872445,NA,NA,NA,NA,NA,NA,NA,47.0699996948242,8.57908566142706,9.4,98.8199996948242,14.2209714813736,9.98750625,51.75,16.1016000880224,10.1833416666667
2022-05-31 17:00:00,"PS069",86,50.15924,11.77108,"nocore",0,287.633930823074,"1600",10.7872409820557,2.40031743049622,558.320007324219,-0.931615710258484,-0.349475800991058,151,516,"2022",0.603739434354742,-0.014207750663791,NA,NA,NA,NA,NA,NA,NA,36.6699981689453,14.6904606368932,15.6,77.0799989700317,24.1264250027753,14.52666,40.4100008010864,28.8444071857163,13.98999
2022-06-01 08:00:00,"P0115",87,50.09335,11.853674,"core",0,124.254257038052,"1500",10.6641759872437,2.02048850059509,627.200012207031,0.750456392765045,0.660653114318848,152,517,"2022",0.549705785414404,0.169943801282851,5.851,0.77519298023566,2.787,0.222,12.5540540540541,0.638856732266177,29.7738065483629,20.6645,4.1141831663876,11.1,62.5796,11.0513788606397,11.8000066666667,41.9151,14.5199767077658,12.15001
2022-06-01 11:00:00,"PS070",88,50.07655,11.94923,"nocore",0,136.990181898105,"1500",10.62526512146,3.7497615814209,609.97998046875,-0.728118002414703,0.685192108154297,152,517,"2022",0.380847446802949,0.122787964555707,NA,NA,NA,NA,NA,NA,NA,22.3700008392334,3.12603395359212,13.2,61.6200017929077,6.5589832765105,13.2700033333333,39.2500009536743,8.27545793796969,13.305005
2022-06-01 14:00:00,"PS072",89,50.11055,11.88818,"nocore",0,144.07235838315,"1500",9.58946323394775,3.78590822219849,640.119995117188,0.742431581020355,0.666749358177185,152,517,"2022",0.595490196338889,-0.0155714291150496,NA,NA,NA,NA,NA,NA,NA,21.7099990844727,9.19443921866197,18.5,61.1999988555908,11.6940961070796,15.91333,39.4899997711182,12.9439245512884,14.619995
2022-06-01 17:00:00,"PS073",90,50.12525,11.83186,"nocore",15,114.722505856806,"1000",11.9591369628906,5.36071586608887,698.840026855469,-0.680852890014648,-0.731374323368073,152,517,"2022",0.427198646269786,0.0288471330823318,NA,NA,NA,NA,NA,NA,NA,40.25,14.6126054944612,10.2,102.519998550415,20.7085565655564,9.190007,62.269998550415,22.7405402559215,8.85334266666667
2022-06-02 08:00:00,"P0164",91,50.12692,11.922789,"core",0,92.7754370149381,"1600",11.5433320999146,1.92611801624298,590.010009765625,0.525691509246826,0.850340247154236,153,518,"2022",0.460908031409577,0.23806735841374,5.976,0.532158422627034,8.973,0.726,12.3595041322314,1.12015931666587,24.7568864327636,47.5385,3.04061733479137,11.2,112.305,10.7219732653246,11.2333333333333,64.7665,14.5626512305912,11.25
2022-06-02 11:00:00,"PS074",92,50.12166,11.93832,"nocore",0,281.751431144159,"1600",19.1477336883545,0.821150362491608,562.099975585938,-0.296505182981491,0.934110343456268,153,518,"2022",0.517370043215773,0.0146960345658962,NA,NA,NA,NA,NA,NA,NA,34.2200012207031,25.0526594504954,12.8,66,27.0603387082434,12.2966666666667,31.7799987792969,28.0641783371174,12.045
2022-06-02 15:00:00,"PS076",93,50.20534,11.90142,"nocore",0,247.776009457037,"1500",8.93897342681885,6.98460721969604,525.47998046875,0.00124529784079641,0.998953998088837,153,518,"2022",0.53966588141444,0.133946277636554,NA,NA,NA,NA,NA,NA,NA,26.3999996185303,8.06987949471246,17.1,68.730001449585,10.4670287413934,15.3504195634921,42.3300018310547,11.6656033647338,14.4756293452381
2022-06-14 08:00:00,"P0215",94,50.056944,11.970444,"core",5,78.1672045532567,"1000",10.1695680618286,0.918564796447754,628.390014648438,-0.988608300685883,0.14850740134716,165,530,"2022",0.320256186147618,-0.0665036391309602,4.248,0.172228384845872,30.762,1.023,30.0703812316716,4.47345612134344,11.0196173407605,37.0866,2.90366535533839,10.3,71.935,2.1774040888346,10.05250075,34.8484,1.935317,9.970001
2022-06-20 08:00:00,"P0166",95,50.109144,11.916904,"core",0,129.8276441657,"1600",14.2675828933716,1.43966686725616,597.690002441406,-0.64028012752533,-0.766240775585175,171,536,"2022",0.464531716070513,-0.021233208310693,6.02,0.752411544530298,6.611,0.578,11.4377162629758,0.989004116941998,11.6081778901887,45.7373,11.707519059014,19.1,58.8286,15.4115834554939,18.4678546825397,13.0913,17.2636156537338,18.1517820238095
2022-06-21 10:00:00,"P0117",96,50.122634,11.928277,"core",0,82.2475468760503,"1500",9.08542537689209,3.43941736221313,588.400024414062,-0.826372265815735,0.560400009155273,172,537,"2022",0.19911852866736,-0.0843569474746486,6.372,1.381881152996,2.986,0.258,11.5736434108527,0.468227769754487,13.3289270764486,30.8904,5.29558718176808,17.6,83.7506,10.2361397584109,19.0020613227513,52.8602,12.7064160467323,19.703091984127
2022-06-23 08:00:00,"P0217",97,50.227851,11.837425,"core",10,139.097188884015,"1000",10.1553401947021,4.05154180526733,601.739990234375,0.211707964539528,-0.977115571498871,174,539,"2022",0.402224137608347,-0.0219975373354452,4.204,0.750266348919138,10.631,0.47,22.6191489361702,1.83797155225727,19.078061911171,63.8087,1.26739425119315,14.2,115.2398,6.6960703362982,12.775005,51.4311,8.50562903133321,12.3000066666667
2022-07-04 07:00:00,"P0104",98,50.105065,11.922489,"core",0,86.1309121170773,"1500",10.6847200393677,3.50239872932434,623.840026855469,-0.891893267631531,0.450267195701599,185,550,"2022",0.33561649713505,-0.0579569976575865,6.919,0.904513665358652,2.535,0.213,11.9014084507042,0.631164504568169,27.5431861804223,20.8224,4.11791043167454,19.3,63.1831,11.51416468163,19.66,42.3607,15.2122918066078,19.84
2022-07-05 08:00:00,"P0204",99,50.055621,11.952927,"core",10,243.055085707295,"1000",10.0764131546021,1.8186571598053,641.559997558594,0.910075008869171,-0.411740869283676,186,551,"2022",0.460601368545636,0.0133943534199927,NA,0.19775001679168,23.464,0.803,29.2204234122042,2.88633578431373,18.1827831440399,46.4001,6.07443220788003,14.7,89.0176,8.0362528885147,13.2993742698413,42.6175,8.69019311539292,12.832499026455
2022-07-05 11:00:00,"PS077",100,50.10081,11.90958,"nocore",0,114.222625827892,"1500",10.0089111328125,4.56119346618652,629.010009765625,-0.896490931510925,0.442950844764709,186,551,"2022",0.470947585928029,-0.0599931030026797,NA,NA,NA,NA,NA,NA,NA,22.0499992370605,3.27937878402588,19.6,62.3899993896484,6.48014355066457,17.19,40.3400001525879,8.08052593398392,15.985
2022-07-05 12:00:00,"PS078",101,50.10857,11.92405,"nocore",0,72.9964953062535,"1500",9.11254119873047,3.55171275138855,606.359985351562,0.292703777551651,0.955954968929291,186,551,"2022",0.334083660642194,0.0800752386007331,NA,NA,NA,NA,NA,NA,NA,23.6900005340576,2.10083973179871,25.3,62.7600002288818,9.93117436707154,22.82333,39.0699996948242,13.8463416847079,21.584995
2022-07-05 18:00:00,"PS080",102,50.20918,11.96283,"nocore",0,663.950705606053,"1600",15.059666633606,0.701011776924133,509.559997558594,-0.408582657575607,-0.894724607467651,186,551,"2022",0.43961409731293,0.01327478992469,NA,NA,NA,NA,NA,NA,NA,35.1800003051758,13.3087811997156,21.2,65.710000038147,20.1396830750982,19.0700033333333,30.5299997329712,23.5551340127895,18.005005
2022-07-06 12:00:00,"PS081",103,50.15016,11.8659,"nocore",10,171.406999403893,"1000",11.3766632080078,7.40241432189941,719.919982910156,-0.857352375984192,-0.513904094696045,187,552,"2022",0.464221673500808,0.0541203756757699,NA,NA,NA,NA,NA,NA,NA,46.5800018310547,2.06996208858467,12,112.890002250671,4.94598903682605,11.3175025,66.3100004196167,5.90466468623985,11.0900033333333
2022-07-06 18:00:00,"PS084",104,50.09668,11.79877,"nocore",0,149.011496457807,"1600",11.3223142623901,5.68171215057373,644.030029296875,0.956941366195679,-0.286912709474564,187,552,"2022",0.345211660132964,-0.0166844107276737,NA,NA,NA,NA,NA,NA,NA,38.8699989318848,3.70795248753239,20.4,83.4599990844727,6.90264164588487,18.8333366666667,44.5900001525879,8.4999862250611,18.050005
2022-07-07 07:00:00,"P0103",105,50.09851,11.797039,"core",0,3.47621986379286,"1500",10.7080039978027,5.629967212677,657.559997558594,0.995222747325897,-0.0940432772040367,188,553,"2022",0.186746988310871,-0.119686747052105,6.471,1.08352930501319,2.926,0.241,12.1410788381743,0.624967197750703,21.2044868334233,26.7533,1.53523354548986,17.2,76.0637,5.75716766293104,17.3764702777778,49.3104,7.86813472165163,17.4647054166667
2022-07-07 10:00:00,"PS085",106,50.08081,11.77383,"nocore",10,49.4199616431843,"1000",9.97236442565918,4.84371423721313,755.739990234375,-0.999801456928253,0.0137266321107745,188,553,"2022",0.414473623776415,-0.00774885364594535,NA,NA,NA,NA,NA,NA,NA,51.6100006103516,2.4354213351181,11.2,108.490000724792,9.75022932635047,11.3224975,56.8800001144409,12.1884986567613,11.36333
2022-07-07 12:00:00,"PS086",107,50.07583,11.87036,"nocore",10,181.618319227886,"1000",10.9782314300537,8.0139274597168,745.890014648438,-0.936239659786224,-0.349424093961716,188,553,"2022",0.418771079759766,-0.00439204063069831,NA,NA,NA,NA,NA,NA,NA,42.7599983215332,2.41425443379729,12,104.149997711182,6.5597279181203,11.9100025,61.3899993896484,7.94155241289464,11.8800033333333
2022-07-14 09:00:00,"P0155",108,50.129343,11.80835,"core",0,126.676023940912,"1600",10.3067312240601,4.85593461990356,635.440002441406,0.673065900802612,0.739565014839172,195,560,"2022",0.332877322078728,0.0245478140933266,7.051,0.782746899560242,7.783,0.685,11.3620437956204,1.13922651933702,13.5129177321224,60.1094,3.42149686793948,18.3,106.6365,4.02657474752721,18.2033333333333,46.5271,4.32911368732108,18.155
2022-07-20 08:00:00,"P0203",109,50.136556,11.846861,"core",5,66.0948470519407,"1000",8.73055839538574,11.6519346237183,730.710021972656,-0.89461761713028,0.43037411570549,201,566,"2022",0.455868991315944,-0.0093063347788942,4.464,0.137768497613922,35.721,1.766,20.227066817667,4.08026030368764,16.3809144072302,19.6849,4.92521335531935,13.3,37.7043,4.59267383882984,12.2775,18.0194,4.48182733333333,11.9366666666667
2022-07-21 08:00:00,"P0167",110,50.12062,11.743516,"core",0,143.817685458988,"1600",11.2530908584595,3.48470020294189,551.179992675781,0.867718875408173,0.484353333711624,202,567,"2022",0.402685135592883,0.0585662168526166,6.051,0.787563353816829,3.803,0.249,15.2730923694779,0.727705490320533,14.0918011338857,29.5977,2.52628095751944,21.5,91.961,9.10039716822638,20.46,62.3633,12.3874552735798,19.94
2022-07-22 08:00:00,"P0118",111,50.228806,11.924917,"core",0,155.714740115545,"1500",10.6448383331299,0.275377124547958,532.289978027344,0.0173496101051569,-0.706240117549896,203,568,"2022",0.471534682290632,-0.0506946039395066,5.33,0.895434258607297,1.762,0.173,10.1849710982659,0.60167638483965,21.0054512416717,15.287,8.035588,19.5,46.6585,14.2052326666667,18.9766666666667,31.3715,17.290055,18.715
2022-07-25 10:00:00,"P0105",112,50.176334,11.840065,"core",0,55.9228271614116,"1500",8.73852634429932,2.36795449256897,533.52001953125,-0.982789695262909,0.0380410812795162,206,571,"2022",0.282811097067143,0.0425978194805121,5.52,1.12904179036374,1.894,0.164,11.5487804878049,0.505324448872836,10.4627518639473,19.9934,2.12871754311555,23.5,51.4196,5.58915551171011,20.9166666666667,31.4262,7.31937449600739,19.625
2022-07-27 09:00:00,"P0168",113,50.096678,11.786125,"core",0,203.414796656647,"1600",10.4847068786621,7.06155204772949,611.820007324219,-0.387435227632523,0.907700419425964,208,573,"2022",0.44485925965839,-0.0136518505988298,5.546,0.803276117712504,3.693,0.288,12.8229166666667,0.743959638957865,9.77483443708609,29.2347,6.1841892636658,18.9,78.8643,4.86019509327821,18.571996,49.6296,4.19819800808441,18.407994
2022-07-28 08:00:00,"P0218",114,50.188375,11.73578,"core",8,131.833041583371,"1000",9.96082305908203,2.95926856994629,561.309997558594,0.724234759807587,0.688072144985199,209,574,"2022",0.439794237966891,-0.0517613188720044,3.826,NA,21.573,0.944,22.8527542372881,2.25868509525588,20.2513850988175,53.6699981689453,8.35337213417406,13,111.741697558594,11.8759935335435,11.8174975,58.0716993896484,13.0502006666667,11.42333
2022-07-29 07:00:00,"P0154",115,50.223933,11.823274,"core",0,77.2174566034153,"1600",9.10116577148438,1.41021525859833,555.380004882812,0.892821371555328,-0.283582210540771,210,575,"2022",0.322267822418828,0.0340905592620717,NA,0.982468140475516,3.827,0.336,11.389880952381,0.782092135803926,9.30080482897382,37.2703,3.54904310096344,18.6,79.27,5.78187314671586,18.29667,41.9997,6.89828816959207,18.145005
2022-08-02 08:00:00,"P0205",116,50.213667,11.754528,"core",0,171.017404789599,"1000",10.2624292373657,2.32629489898682,578.169982910156,-0.965394854545593,0.251499950885773,214,579,"2022",0.379358395616662,0.019389724074151,3.926,0.189328067719734,43.468,1.826,23.8050383351588,4.46663034595478,14.3135939501128,49.3783,7.90383438473918,13.6,109.4494,8.21408834241992,13.2488436329365,60.0711,8.3175063283135,13.131791510582
2022-08-02 11:00:00,"PS088",117,50.18914,11.8453,"nocore",0,142.297319842663,"1500",10.000470161438,0.631888866424561,527.190002441406,0.94436377286911,0.200548633933067,214,579,"2022",0.117149693249193,-0.030463803993778,NA,NA,NA,NA,NA,NA,NA,25.1599998474121,2.67112857593825,18,67.5500011444092,5.16829006052947,18.49,42.3900012969971,6.41687080282509,18.735
2022-08-02 13:00:00,"PS089",118,50.18332,11.85911,"nocore",0,172.450266498946,"1500",11.8019590377808,2.44322323799133,548.369995117188,-0.562169134616852,0.813036203384399,214,579,"2022",0.155743195495662,-0.0845289939783029,NA,NA,NA,NA,NA,NA,NA,32.2599983215332,11.150841607271,19.3,67.9099988937378,19.6053304606505,18.9733333333333,35.6500005722046,23.8325748873403,18.81
2022-08-02 15:00:00,"PS090",119,50.23148,11.91398,"nocore",0,658.703702243894,"1600",8.79343223571777,6.29894590377808,507.869995117188,0.82994282245636,0.555294036865234,214,579,"2022",0.394312244805754,-0.0107469386288098,NA,NA,NA,NA,NA,NA,NA,33.5999984741211,11.4001894004686,22.8,71.3699979782104,17.4502153251264,20.6266733333333,37.7699995040894,20.4752282874554,19.54001
2022-08-03 07:00:00,"P0119",120,50.177221,11.898049,"core",0,119.084533982166,"1500",12.284125328064,3.58808183670044,560.419982910156,0.115564420819283,-0.989614963531494,215,580,"2022",0.101944891083665,-0.0399931113649455,6.862,0.780582628625075,2.776,0.273,10.1684981684982,0.735723771580345,31.1453889071218,16.2399,8.51482038381475,18.7,42.3262,8.12188871752742,19.2353333333333,26.0863,7.92542288438376,19.503
2022-08-03 11:00:00,"PS093",121,50.11982,11.92773,"nocore",0,348.109294100069,"1600",9.83295249938965,1.39635872840881,577.010009765625,0.54297262430191,0.81716787815094,215,580,"2022",0.401579142976518,-0.0170670397010817,NA,NA,NA,NA,NA,NA,NA,30.7000007629395,2.2932045585746,19.8,74.0400009155273,4.48906631024043,18.4933333333333,43.3400001525879,5.58699718607335,17.84
2022-08-04 07:00:00,"P0169",122,50.131098,11.760812,"core",0,162.045280790884,"1600",10.705714225769,4.53889942169189,555.840026855469,0.77855658531189,0.626092612743378,216,581,"2022",0.391684313542118,-0.0357705876377283,6.604,0.832044875221158,4.254,0.364,11.6868131868132,0.750778337241035,12.8039727640404,35.2724,2.43485375492431,19.7,76.7707,9.32136811983409,19.8925327513228,41.4983,12.764625302289,19.9887991269841
2022-08-04 10:00:00,"PS095",123,50.115,11.84788,"nocore",20,222.480720507763,"1000",10.2618389129639,2.78087759017944,707.200012207031,0.2967329621315,0.952988624572754,216,581,"2022",0.353932806036689,-0.0436996061340151,NA,NA,NA,NA,NA,NA,NA,45.9500007629395,5.53147607609627,16.5,103.520000457764,11.5373314008585,13.1125025,57.5699996948242,13.5392831757792,11.9833366666667
2022-08-04 13:00:00,"PS096",124,50.19797,12.00211,"nocore",10,234.671485267978,"1000",10.6858491897583,5.11507797241211,607.650024414062,-0.998813390731812,-0.0286189634352922,216,581,"2022",0.400119337626451,-0.0587508715040177,NA,NA,NA,NA,NA,NA,NA,54.5099983215332,4.00366278736978,16.4,107.079998016357,10.2250160228284,15.6000075,52.5699996948242,12.2988004346479,15.3333433333333
2022-08-10 08:00:00,"P0219",125,50.075667,11.901972,"core",18,232.276532749743,"1000",9.20320796966553,5.06037664413452,644.739990234375,-0.678787887096405,0.733668863773346,222,587,"2022",0.420623420087249,0.0109780950514127,4.468,0.117708343328381,36.528,1.299,28.1200923787529,4.69891576313595,13.5427760028399,77.3937,5.34109195543277,13.1,154.5568,7.10195167728846,13.3062944345238,77.1631,7.68890491790702,13.3750592460317
2022-08-11 07:00:00,"P0120",126,50.075151,11.935701,"core",0,60.5366103200962,"1500",9.51974868774414,3.63298845291138,628.510009765625,-0.863873362541199,-0.500614106655121,223,588,"2022",0.574125134780955,0.0892718435780516,6.045,0.723470184037945,3.707,0.283,13.0989399293286,0.604207230939564,16.327562239353,21.974,3.67444700123054,16.2,56.0662,7.1146990000629,17.43666,34.0922,8.83482499947907,18.05499
2022-08-12 07:00:00,"P0170",127,50.207278,11.885722,"core",0,73.8427400434295,"1600",12.5221099853516,2.3084237575531,534.989990234375,0.975907921791077,-0.158950120210648,224,589,"2022",0.29229353175531,-0.0367313446245383,6.132,0.877534036907464,4.897,0.439,11.1548974943052,0.873263888888889,12.6397172520433,42.6746,4.23113513682118,17.6,97.9017,9.07181033869856,18.00666,55.2271,11.4921479396373,18.20999
2022-08-16 08:00:00,"P0220",128,50.169267,11.987817,"core",7,80.3689352208822,"1000",9.68148708343506,6.71720695495605,592.549987792969,0.486292749643326,-0.871960341930389,228,593,"2022",0.401042826936383,0.0182869374688228,3.958,0.193259573754444,33.336,1.291,25.8218435321456,2.97878959276018,10.9655368840786,45.0975,2.64570112043129,14.1,118.1917,3.1267397010505,13.6750025,73.0942,3.28708589459024,13.5333366666667
2022-08-17 08:00:00,"P0121",129,50.205511,11.923106,"core",0,39.8573950661313,"1500",12.0308628082275,2.03782892227173,539.369995117188,-0.992806375026703,-0.0600428134202957,229,594,"2022",0.0922363223960923,0.00278191490659326,5.75,0.768672027664287,2.426,0.205,11.8341463414634,0.640494590417311,10.4850386100386,15.3814,3.3466321132594,19,47.5939,10.5113385062575,19.63333,32.2125,14.0936917027566,19.949995
2022-08-18 08:00:00,"P0171",130,50.112528,11.924667,"core",0,129.73243567482,"1500",13.9389123916626,0.787708401679993,589.700012207031,-0.878155887126923,0.277762740850449,230,595,"2022",0.135040975867248,-0.0702546340372504,6.702,0.714586147789678,4.879,0.408,11.9583333333333,0.830393436509417,11.5372524363408,34.0541,9.64614613345634,19,70.3788,4.85280848801122,18.0033323333333,36.3247,2.45613966528866,17.5049985
2022-08-22 07:00:00,"P0221",131,50.214697,11.984523,"core",0,138.538771824046,"1000",10.249852180481,4.92881774902344,551.429992675781,0.995575785636902,0.0876698419451714,234,599,"2022",0.337321880793916,0.0112359857365193,4.049,0.145771459240986,31.509,1.325,23.7803773584906,5.84129213483147,11.3729261841789,25.2621,5.19424368979376,14.1,90.0121,5.41279395460532,13.845,64.75,5.48564404287585,13.76
2022-08-24 07:00:00,"P0122",132,50.079916,11.96674,"core",0,168.853348448343,"1500",9.86250972747803,4.17039394378662,575.25,0.942548990249634,0.330010533332825,236,601,"2022",0.129966666865529,0.00463636363997605,6.359,0.822049945840868,2.794,0.231,12.0952380952381,0.638148984198646,34.0926777502653,19.9904,6.10836584169841,15.4,71.304,12.9691318589227,16.09667,51.3136,16.3995148675349,16.445005
2022-08-25 08:00:00,"P0222",133,50.149118,11.869805,"core",13,209.705161856737,"1000",9.81925678253174,9.2010555267334,759.530029296875,-0.770300805568695,-0.636350095272064,237,602,"2022",0.247768351859498,-0.193337013198115,4.164,0.162470671072976,26.435,1.227,21.5444172779136,2.27680981595092,15.6714809226126,51.5389,0.566547234870671,14,144.6061,0.359461287773155,12.54,93.0672,0.29043263874065,12.0533333333333
2022-08-30 10:00:00,"PS098",134,50.20148,11.78658,"nocore",0,112.013347884755,"1500",9.51707363128662,1.70531916618347,587.369995117188,-0.533048450946808,-0.837790250778198,242,607,"2022",0.248475861960444,0.0688896547617583,NA,NA,NA,NA,NA,NA,NA,23.0200004577637,4.79364500226225,16.5,60.5000009536743,12.5829189714986,17.4600033333333,37.4800004959106,16.4775559561169,17.940005
2022-08-30 13:00:00,"PS099",135,50.21154,11.74266,"nocore",0,285.925528069098,"1500",10.1076259613037,1.94262254238129,586.539978027344,-0.993419945240021,0.109791450202465,242,607,"2022",0.297326503264592,0.118497816566096,NA,NA,NA,NA,NA,NA,NA,31.0300006866455,12.6156841836794,16.8,69.8400001525879,13.8836872181361,16.894,38.8099994659424,14.5176887353645,16.941
2022-08-30 15:00:00,"PS100",136,50.21119,11.92449,"nocore",0,440.502651910747,"1600",9.47064208984375,2.28384327888489,526.309997558594,-0.100392691791058,0.989925920963287,242,607,"2022",0.423832557298416,0.14684534750359,NA,NA,NA,NA,NA,NA,NA,34.6399993896484,6.19047605661709,18.1,77.8500003814697,11.9200274531695,17.8600033333333,43.2100009918213,14.7848031514458,17.740005
2022-08-30 18:00:00,"PS101",137,50.1973,11.93888,"nocore",10,214.826122734355,"1000",10.9551553726196,2.7130069732666,563.52001953125,0.782365262508392,0.620881319046021,242,607,"2022",0.452943396265868,-0.0173809280327423,NA,NA,NA,NA,NA,NA,NA,50.5900001525879,2.85000711853455,14.1,103.840000152588,6.51817874827307,14.0725,53.25,7.74090262485258,14.0633333333333
2022-08-31 11:00:00,"PS103",138,50.13556,11.83047,"nocore",10,167.363489295081,"1000",11.001015663147,3.70446014404297,636.97998046875,-0.149675011634827,-0.988108813762665,243,608,"2022",0.394604204599564,-0.0332510510901431,NA,NA,NA,NA,NA,NA,NA,43.2099990844727,3.49927322229023,13,94.1700000762939,12.2968428196874,13.5000025,50.9600009918213,15.2293660188198,13.66667
2022-08-31 16:00:00,"PS105",139,50.11839,11.88703,"nocore",0,63.5306158859798,"1500",11.3443756103516,2.98041129112244,643.429992675781,0.734755039215088,0.678266048431396,243,608,"2022",0.136421586885169,-0.00604981551036185,NA,NA,NA,NA,NA,NA,NA,25.8400001525879,3.64862588027706,18.8,67.3700008392334,6.15424425512206,18.7466666666667,41.5300006866455,7.40705344254456,18.72
2022-09-01 10:00:00,"PS106",140,50.10102,11.86851,"nocore",0,37.8898114913712,"1500",9.88239288330078,1.73856937885284,624.080017089844,0.479916870594025,0.872644186019897,244,609,"2022",0.110887689238362,-0.027218142351373,NA,NA,NA,NA,NA,NA,NA,22.5900001525879,3.02351290210068,15.4,60.7699995040894,12.0814138458541,16.4966633333333,38.1799993515015,16.6103643177307,17.044995
2022-09-07 08:00:00,"P0172",141,50.214801,11.775202,"core",0,238.335500034635,"1600",9.4957447052002,4.85501909255981,594.219970703125,-0.633872985839844,0.772766947746277,250,615,"2022",0.46169506747951,0.153637732287856,5.819,0.915537056185371,3.484,0.318,10.9559748427673,0.82433279598782,29.3932315715139,31.2265,9.652016,16.6,73.42,14.741532,16.3866666666667,42.1935,17.28629,16.28
2022-09-08 08:00:00,"P0223",142,50.078278,11.901306,"core",10,69.1136099428312,"1000",9.00353813171387,11.7651681900024,651.25,0.898437798023224,0.414823591709137,251,616,"2022",0.364555864943472,-0.0263324029452308,3.959,0.45677468667374,34.693,1.183,29.3262890955199,3.46954711087975,13.0832708177044,158.4688,4.70365451225314,15.8,224.5875,3.70302870731855,13.3763988988095,66.1187,3.36948677234035,12.5685318650794
2022-09-09 09:00:00,"P0123",143,50.17575,11.901167,"core",0,156.553617140997,"1500",10.5695285797119,4.09024906158447,580.859985351562,-0.0508322305977345,-0.998382806777954,252,617,"2022",0.259349752098803,0.0703729308666723,6.803,0.823220175640842,2.439,0.207,11.7826086956522,0.614978856968482,34.7132629191182,15.6944,9.58362982185907,13.2,37.5319,9.42191494061969,15.41334,21.8375,9.3410575,16.52001
2022-09-13 08:00:00,"P0173",144,50.184247,11.855347,"core",0,318.659204190385,"1600",11.6066808700562,1.77756190299988,552.27001953125,-0.997388601303101,0.0463270992040634,256,621,"2022",0.517831324812878,0.112397590554862,5.274,0.746800193479894,3.817,0.319,11.9655172413793,0.925534278224552,35.9560270750324,27.7298,11.8713998616924,14.1,65.1697,20.694413025678,14.1533316666667,37.4399,25.1059196076708,14.1799975
2022-09-21 08:00:00,"P0124",145,50.221409,11.827232,"core",0,32.6045990965699,"1500",10.0156192779541,3.07459735870361,572.72998046875,0.473065376281738,-0.880705058574677,264,629,"2022",0.125854719011459,-0.0249517496205147,5.459,1.22189784784959,1.858,0.128,14.515625,0.555338800859941,55.8104523621765,20.9444,11.9269243666374,7,65.9931,16.8620360717394,8.4446659,45.0487,19.3295919242904,9.16699885
2022-09-28 08:00:00,"P0224",146,50.159103,11.872695,"core",10,84.6487293800102,"1000",10.7677440643311,9.80962371826172,648.489990234375,-0.776602506637573,-0.628193855285645,271,636,"2022",0.281623807916906,-0.0740391086216896,3.874,0.135480645306976,26.366,1.055,24.9914691943128,4.63387737097486,31.0423607805807,35.7208,9.26919698488234,9.7,69.9329,9.6499971881866,9.8624861031746,34.2121,9.77693058928802,9.91664813756614
2022-09-29 07:00:00,"P0174",147,50.075035,11.950544,"core",0,163.185101291571,"1600",9.5920352935791,4.20879650115967,612.289978027344,0.379255414009094,0.91761040687561,272,637,"2022",0.452581507324764,-0.0603602742699728,5.713,0.92076601699003,7.394,0.616,12.0032467532468,1.2343840277332,39.6193051799459,65.4307,19.03733,9.6,115.7827,20.36611,9.973334,50.352,21.0305,10.160001
2022-09-30 07:00:00,"P0125",148,50.167021,11.744389,"core",0,45.2074808899445,"1500",9.77434921264648,4.64216661453247,604.539978027344,0.854852855205536,0.518785119056702,273,638,"2022",0.352182266527209,0.0857832525017226,6.423,1.24879806187304,2.071,0.169,12.2544378698225,0.505968361488579,49.5673469387755,24.0443,8.61320803420205,8.6,75.0481,14.4698165554582,9.88000333333333,51.0038,17.3981208160864,10.520005
2022-10-04 13:00:00,"PS109",149,50.075,11.95037,"nocore",0,175.370457893103,"1600",8.86485481262207,4.19919443130493,613,0.4107386469841,0.897295832633972,277,642,"2022",0.431057876649581,-0.060323629931432,NA,NA,NA,NA,NA,NA,NA,35.189998626709,18.4410581371799,10.9,76.1399984359741,21.4750953795622,10.6399966666667,40.9499998092651,22.9921140007534,10.509995
2022-10-04 15:00:00,"PS110",150,50.16135,11.94118,"nocore",0,117.874049772178,"1600",12.1299982070923,1.7759485244751,608.619995117188,-0.523109793663025,0.842122197151184,277,642,"2022",0.421057142246337,-0.0340619063093549,NA,NA,NA,NA,NA,NA,NA,32.4300003051758,5.91517310068738,11.7,76.8600006103516,2.95837532743557,11.6966633333333,44.4300003051758,1.47997644080967,11.694995
2022-10-04 17:00:00,"PS111",151,50.13223,11.90538,"nocore",5,108.995774799958,"1000",9.80667495727539,4.57913827896118,710.400024414062,0.533625423908234,0.844667494297028,277,642,"2022",0.313003046575441,-0.0243766000545439,NA,NA,NA,NA,NA,NA,NA,52.439998626709,9.60147443091551,10.1,109.709999084473,8.89022703260471,9.702498,57.2700004577637,8.65314456650111,9.56999733333333
2022-10-05 08:00:00,"P0225",152,50.161687,12.003249,"core",15,66.4019467115848,"1000",9.90074443817139,5.51007652282715,603.27001953125,0.981701910495758,0.189938336610794,278,643,"2022",0.34064997049274,-0.0237848881478936,4.217,0.113265267833732,NA,NA,NA,5.69069069069069,19.9824098504837,57.9799995422363,2.0754621019748,10.5,90.3054995422363,9.92738759576592,9.72250375,32.3255,12.5446960936963,9.46333833333333
2022-10-05 09:00:00,"PS112",153,50.13568,11.9409,"nocore",0,63.4860565056765,"1500",10.9943447113037,5.19134473800659,598.97998046875,0.922802984714508,0.384988933801651,278,643,"2022",0.341198653434262,0.0368249154953844,NA,NA,NA,NA,NA,NA,NA,23.4500007629395,15.1021074427614,8.6,64.6700000762939,21.8548146450637,8.95999966666667,41.2199993133545,25.2311682462148,9.1399995
2022-10-05 14:00:00,"PS113",154,50.22493,11.77593,"nocore",5,124.365686058372,"1000",9.56356906890869,3.1738064289093,650.989990234375,-0.634957849979401,0.772231817245483,278,643,"2022",0.455223435293717,-0.00472095357152413,NA,NA,NA,NA,NA,NA,NA,59.3400001525879,6.98719285160073,10.1,114.989999771118,9.67987580285147,10.47,55.6499996185303,10.5774367866017,10.5933333333333
2022-10-05 15:00:00,"PS115",155,50.16331,11.7452,"nocore",0,185.810012352751,"1500",14.1921310424805,1.89610075950623,599.030029296875,0.974323451519012,-0.220482692122459,278,643,"2022",0.646932201466318,0.0898305051407572,NA,NA,NA,NA,NA,NA,NA,33.2700004577637,12.9435318687407,11.9,68.0300006866455,21.5891889224082,11.50333,34.7600002288818,25.912017449242,11.304995
2022-10-06 09:00:00,"P0175",156,50.159089,11.771286,"core",0,362.202924311585,"1600",9.98733806610107,4.15596675872803,560.190002441406,-0.857315182685852,-0.514347076416016,279,644,"2022",0.5979084496347,0.0975563362450668,6.303,0.949877120675439,3.765,0.333,11.3063063063063,0.923812369285928,39.4674428633032,35.7629,30.2297993467338,11.5,83.4535,31.4676997470598,11.13667,47.6906,32.0866499472228,10.955005
2022-10-06 12:00:00,"PS116",157,50.06453,11.80103,"nocore",10,118.44109283465,"1000",9.8881311416626,9.62338542938232,752.169982910156,0.927099645137787,-0.374764651060104,279,644,"2022",0.356948512415228,0.0478954999263644,NA,NA,NA,NA,NA,NA,NA,45.4300003051758,11.6868851238898,9.9,109.069999694824,11.3960369254082,9.63500325,63.6399993896484,11.2990875259143,9.546671
2022-10-07 09:00:00,"P0126",158,50.095829,11.785556,"core",0,70.2518591877383,"1500",11.230996131897,4.39045429229736,617.109985351562,-0.472992271184921,0.878365457057953,280,645,"2022",0.16248344383295,0.00130794678401472,6.761,0.897251330220536,2.509,0.196,12.8010204081633,0.611172433651678,50.4043973301924,21.623,9.33830533517311,7.9,77.9678,14.9115599851336,9.31667166666667,56.3448,17.6981873101138,10.0250075
2022-10-12 09:00:00,"P0226",159,50.104584,11.800759,"core",10,47.9554194201778,"1000",10.1827535629272,6.19370031356812,692.460021972656,-0.850012362003326,-0.524754345417023,285,650,"2022",0.395915522408271,0.121608235862464,3.949,0.170345525028044,24.059,1.066,22.5694183864916,3.06262626262626,39.9777374670185,32.7867,11.4262948174188,8.8,94.1447,17.2539879621202,8.2599975,61.358,19.1965523436873,8.07999666666667
2022-10-13 08:00:00,"P0155",160,50.129343,11.80835,"core",0,149.606549786883,"1600",10.3067312240601,4.85593461990356,635.440002441406,0.673065900802612,0.739565014839172,286,651,"2022",0.589713934776399,0.0220021859992071,6.865,0.602184736630277,6.491,0.584,11.1147260273973,1.13316125113878,44.5665282058153,39.039,24.2412099456051,10.7,83.2691,25.0648833690077,10.67666,44.2301,25.4767200807091,10.66499
2022-10-14 08:00:00,"P0105",161,50.176334,11.840065,"core",0,42.2074653438862,"1500",8.73852634429932,2.36795449256897,533.52001953125,-0.982789695262909,0.0380410812795162,287,652,"2022",0.228835792013703,0.0781561894834548,5.694,0.868608799122126,2.107,0.171,12.3216374269006,0.509987077718294,44.6029103018895,17.2308,10.0820539496462,10.1,55.3624,18.0790229452149,9.693337,38.1316,22.0775074429992,9.4900055
2022-10-19 08:00:00,"P0203",162,50.136556,11.846861,"core",5,60.3933436348561,"1000",8.73055839538574,11.6519346237183,730.710021972656,-0.89461761713028,0.43037411570549,292,657,"2022",0.337722978734513,-0.0295105584071357,4.302,0.36486270703817,36.757,1.649,22.2904790782292,2.70818771842237,39.0819430362246,67.0563,10.0755901516419,10.4,99.6721,11.9145809051306,10.5177708730159,32.6158,12.5275778229602,10.5570278306878
2022-10-20 08:00:00,"P0154",163,50.223933,11.823274,"core",0,95.4680955890394,"1600",9.10116577148438,1.41021525859833,555.380004882812,0.892821371555328,-0.283582210540771,293,658,"2022",0.430947976879531,-0.0339325629102931,6.556,1.07451320145714,3.096,0.263,11.7718631178707,0.846037493697575,39.6792718604399,33.1792,12.4248433354633,9.6,79.8516,16.0895470174312,10.2166633333333,46.6724,17.9218988584151,10.524995
2022-10-26 09:00:00,"P0205",164,50.213667,11.754528,"core",5,48.293652435793,"1000",10.2624292373657,2.32629489898682,578.169982910156,-0.965394854545593,0.251499950885773,299,664,"2022",0.379022555915933,-0.0110764414221421,3.88,0.225602131832762,37.405,1.481,25.2565833896016,5.08451882845188,24.2813254333992,42.1932,10.660421354744,9.9,133.8097,15.248984617203,9.2500015,91.6165,16.7785057046893,9.03333533333333
2022-10-27 09:00:00,"P0156",165,50.073714,11.95415,"core",0,62.2493276060046,"1600",12.6699466705322,3.16911935806274,609.460021972656,-0.746420562267303,0.662886202335358,300,665,"2022",0.419291780567537,0.0223993154421245,6.206,0.938794007028711,5.008,0.38,13.1789473684211,0.98759255553332,41.0182370820669,46.7113,20.7571957650047,9.2,75.0171,21.8096418350952,9.23999633333333,28.3058,22.3358648701405,9.2599945
2022-11-02 09:00:00,"P0204",166,50.055621,11.952927,"core",7,65.6208338797478,"1000",10.0764131546021,1.8186571598053,641.559997558594,0.910075008869171,-0.411740869283676,306,671,"2022",0.277950670148424,0.0939731964544588,4.29,0.20150152616456,11.448,0.368,31.1086956521739,5.06410644088298,41.0163014271213,16.1475,8.14109458506358,10.5,53.4604,12.4192122164625,10.1621985837302,37.3129,13.8452514269288,10.0495981116402
2022-11-07 09:00:00,"P0176",167,50.211835,11.925449,"core",0,61.4974546499538,"1600",9.84866046905518,2.38247108459473,523.140014648438,-0.471184819936752,0.86994731426239,311,676,"2022",0.476270930746267,-0.0185127914298412,5.593,0.819496398395062,5.68,0.49,11.5918367346939,1.09388471978285,39.2059553349876,42.7386,11.417274835579,7.4,80.5793,19.2698625832117,7.80332666666667,37.8407,23.1961564570281,8.00499
2022-11-08 09:00:00,"P0103",168,50.09851,11.797039,"core",0,144.768767646864,"1500",10.7080039978027,5.629967212677,657.559997558594,0.995222747325897,-0.0940432772040367,312,677,"2022",0.46968273046505,0.0924016064908131,6.196,0.895153074806692,2.867,0.221,12.972850678733,0.69089156626506,43.5686383928571,22.8356,2.367218,7.9,67.8855,7.06566533333333,8.00333866666667,45.0499,9.414889,8.055008
2022-11-08 10:00:00,"PS117",169,50.10171,11.77866,"nocore",0,61.7828620145667,"1500",9.75960540771484,1.94845020771027,634.700012207031,-0.946771264076233,0.283572733402252,312,677,"2022",0.522200795190472,0.0159294231985483,NA,NA,NA,NA,NA,NA,NA,25.7600002288818,19.4451980884016,7.5,63.0100011825562,21.4524493633878,7.806671,37.2500009536743,22.456075000881,7.9600065
2022-11-08 14:00:00,"PS118",170,50.06291,11.83573,"nocore",5,62.3078407282124,"1000",11.1351470947266,5.97805166244507,797.349975585938,-0.188897371292114,-0.981887519359589,312,677,"2022",0.341771947919548,0.00506597424482375,NA,NA,NA,NA,NA,NA,NA,41.3800010681152,12.3406853714839,9.1,98.2900009155273,13.2942169512791,9.1574995,56.9099998474121,13.6120608112109,9.176666
2022-11-08 17:00:00,"PS119",171,50.11902,11.99189,"nocore",0,53.1446786348969,"1500",9.26768493652344,3.55412173271179,574.840026855469,0.351541012525558,0.927107036113739,312,677,"2022",0.256042463131518,-0.0538216555953785,NA,NA,NA,NA,NA,NA,NA,22.5499992370605,13.632514134084,9.6,65.2900009155273,9.9058040850114,8.7980042,42.7400016784668,8.04244906047507,8.3970063
2022-11-09 15:00:00,"PS122",172,50.20831,11.88743,"nocore",0,23.0145833196264,"1500",10.5209293365479,1.73177897930145,539.809997558594,0.986201286315918,0.161132842302322,313,678,"2022",0.346067225293216,0.0354905790365777,NA,NA,NA,NA,NA,NA,NA,24.1499996185303,2.32471029886637,8.5,66.6799983978271,7.74593883071599,8.60333266666667,42.5299987792969,10.4565530966408,8.654999
2022-11-09 17:00:00,"PS123",173,50.1125,11.87163,"nocore",0,40.6722569473077,"1500",11.806227684021,3.04271411895752,633.669982910156,0.990595757961273,-0.122010871767998,313,678,"2022",0.235680297903412,0.0601338286880667,NA,NA,NA,NA,NA,NA,NA,28.8799991607666,9.73842997305147,9.2,63.9499988555908,21.8394792144614,9.23665966666667,35.0699996948242,27.8900038351664,9.2549895
2022-11-10 10:00:00,"PS124",174,50.21653,11.73662,"nocore",0,40.6497905297761,"1600",10.2794532775879,4.52788352966309,568.780029296875,0.974675238132477,0.223014950752258,314,679,"2022",0.543109500657725,0.036476650579732,NA,NA,NA,NA,NA,NA,NA,32.7599983215332,21.3152193646684,9.5,74.8299989700317,23.1797315675165,9.569997,42.0700006484985,24.1119876689405,9.6049955
2022-11-10 12:00:00,"PS125",175,50.2245,11.83899,"nocore",0,34.750437112268,"1500",11.1849489212036,2.26245737075806,590.02001953125,0.823547065258026,-0.564078032970428,314,679,"2022",0.534710670007935,0.126943942893694,NA,NA,NA,NA,NA,NA,NA,24.0499992370605,10.368471023758,8.3,64.4899997711182,22.0660235998574,8.85333666666667,40.4400005340576,27.9147998879072,9.130005
2022-11-10 14:00:00,"PS126",176,50.20336,11.85343,"nocore",10,47.7909178657303,"1000",8.8760290145874,6.0911808013916,584.150024414062,0.917323470115662,0.395019680261612,314,679,"2022",0.330933806250845,0.00339952750620265,NA,NA,NA,NA,NA,NA,NA,72.4599990844727,2.61072978773963,10.1,129.64999961853,5.8522861028217,10.2675,57.1900005340576,6.93280487451573,10.3233333333333
2022-11-15 09:00:00,"P0177",177,50.162344,11.757312,"core",0,42.8852363997888,"1600",9.46609687805176,2.03942060470581,583.539978027344,-0.585804879665375,0.803600490093231,319,684,"2022",0.419932272418799,-0.00963346461257136,5.664,1.10079164073511,2.338,0.197,11.8680203045685,0.766433036559955,42.0662382600099,25.3596,3.837365,5.4,55.5373,12.9851156666667,5.89333266666667,30.1777,17.558991,6.139999
2022-11-16 09:00:00,"P0128",178,50.102139,11.781194,"core",0,24.4137480513419,"1500",9.11576175689697,0.89792275428772,630.650024414062,-0.0474127493798733,-0.810548007488251,320,685,"2022",0.492316102086905,-0.0298389666241632,6.706,0.736855733608372,3.519,0.292,12.0513698630137,0.502310764122583,83.3586422510049,22.1868,7.665437,5,53.8624,10.507835,5.07000733333333,31.6756,11.929034,5.105011
2022-11-17 08:00:00,"P0227",179,50.115361,11.954567,"core",5,35.1270814878789,"1000",8.61382865905762,9.32127285003662,564.090026855469,0.435647934675217,-0.896265029907227,321,686,"2022",0.333156539884949,0.00924201941944419,4.528,0.31870777354152,17.34,0.717,24.18410041841,2.22780387905072,45.2279240793814,27.632,11.2428865957316,4.4,68.3681,10.3377069482505,6.28994849801587,40.7361,10.0359803990902,6.91993133068783
2022-11-18 09:00:00,"P0178",180,50.162801,11.956917,"core",0,66.4311606147707,"1600",15.4073791503906,1.43125593662262,580.25,0.1425841152668,0.976242482662201,322,687,"2022",0.349892532171339,-0.0119808733680426,6.716,0.709858567140114,3.942,0.281,14.0284697508897,1.11209358523726,43.5823991308213,27.2485,34.7431930547444,5.6,47.0765,31.6426786100994,6.300006,19.828,30.092421387777,6.650009
2022-11-23 09:00:00,"P0129",181,50.127265,11.745897,"core",0,43.1696970342307,"1500",9.45999431610107,1.2067608833313,563.950012207031,0.199326142668724,-0.963685095310211,327,692,"2022",0.389907590485495,-0.00849834994317678,6.882,1.0561463398016,1.85,0.161,11.4906832298137,0.621532906614147,45.5571692632691,17.1412,17.4174384323895,3.5,46.1675,24.1372979378,3.64333066666667,29.0263,27.4972276905052,3.714996
2022-11-24 10:00:00,"P0229",182,50.220224,11.796049,"core",10,30.5398785255033,"1000",10.0252885818481,4.29039478302002,556.849975585938,0.887532889842987,0.460525631904602,328,693,"2022",0.35831282047125,0.00212991464341805,4.237,0.189245174520207,40.462,1.716,23.5792540792541,5.31073446327684,35.4373522458629,61.2579,7.35870001120013,5.6,117.116,12.1529683763356,5.98499925,55.8581,13.7510578313808,6.11333233333333
2022-11-25 09:00:00,"P0127",183,50.073499,11.965956,"core",0,15.9221572800519,"1500",9.40240955352783,5.74560022354126,581.780029296875,-0.976118743419647,-0.213883295655251,329,694,"2022",0.200678160659682,-0.0914077082896974,6.656,1.03392075830353,1.977,0.158,12.5126582278481,0.495856165934514,59.0921545346607,17.7409,10.3088322996436,3.6,57.8125,18.6521951399069,3.55333233333333,40.0716,22.8238765600385,3.5299985
2022-11-30 10:00:00,"P0228",184,50.204265,12.000143,"core",15,30.6246253306881,"1000",9.45130252838135,5.98376798629761,560.679992675781,0.512300968170166,-0.857837736606598,334,699,"2022",0.296049474623923,-0.0349938152110274,3.647,0.118172545245732,34.925,1.276,27.3706896551724,4.0786606431039,47.8954912692208,61.9076,12.67958711109,6.3,98.0553,17.7471299139364,6.5971671984127,36.1477,19.4363108482185,6.69622293121693
2022-12-01 09:00:00,"P0179",185,50.187912,11.863925,"core",0,40.4416037920794,"1600",10.4249334335327,2.15211129188538,547.419982910156,0.557620406150818,0.829072177410126,335,700,"2022",0.500174880955639,-0.0311393749203768,6.105,0.821512938301414,4.154,0.359,11.5710306406685,0.993874937357314,48.0923301025268,34.0759,11.6600794445517,4.8,62.6519,19.7574012535502,4.986668,28.576,23.8060621580495,5.080002
2022-12-02 10:00:00,"P0230",186,50.117142,11.834104,"core",10,89.4509102374673,"1000",9.66057968139648,1.47562432289124,766.090026855469,-0.78108823299408,-0.616725027561188,336,701,"2022",0.172972123723456,-0.116890015048473,3.759,0.179049310978382,32.809,1.631,20.1158798283262,4.2928225451343,45.8816288850138,58.7443,12.483935969554,4.4,108.2017,16.7109004551686,4.63947575396825,49.4574,18.1198886170401,4.719301005291
2022-12-07 10:00:00,"P0130",187,50.200996,11.788238,"core",0,46.5114382543485,"1500",9.19846057891846,2.69848465919495,586.989990234375,0.9971684217453,0.0616477653384209,341,706,"2022",0.455841378199643,0,6.699,0.944880671059698,2.668,0.188,14.1914893617021,0.578690774837885,54.2532308195648,23.3496,5.07148561277178,2.8,68.7158,13.5016781764433,2.679997,45.3662,17.7167744582791,2.6199955
2022-12-09 09:00:00,"P0180",188,50.146279,11.80116,"core",0,70.0836352779674,"1600",13.8623714447021,1.02756690979004,553.049987792969,-0.710947692394257,-0.665958225727081,343,708,"2022",0.577960523727693,0,NA,0.867432842121018,5.074,0.371,13.6765498652291,0.863947128532361,65.0540754418359,39.3888,29.9319487136807,2.2,64.0479,31.6416957810484,2.513332,24.6591,32.4965693147323,2.669998
2022-12-14 09:00:00,"P0131",189,50.135188,11.78069,"core",0,88.1083445583218,"1500",10.292200088501,1.6764851808548,587.200012207031,-0.998706102371216,-0.0229071695357561,348,713,"2022",0.525115942609483,0,7.064,0.991165840817224,4.859,0.412,11.7936893203883,1.00954091368279,51.1118523460084,47.5223,19.5037513962707,2.1,89.3591,22.3125638176455,1.49084705026455,41.8368,23.7169700283329,1.18627057539683
2022-12-15 10:00:00,"P0231",190,50.081793,11.871301,"core",8,23.4811947722806,"1000",8.20270538330078,4.10496520996094,709.619995117188,0.599079370498657,-0.775534331798553,349,714,"2022",0.16929853836265,-0.0823235915067736,4.304,0.229282589891762,17.32,0.632,27.4050632911392,2.00892619237943,37.7611247430201,31.7694,7.04095339265217,0,115.646200419617,7.31415034220535,2.16237604166667,83.8768004196167,7.40521599205641,2.88316805555556
2022-12-16 10:00:00,"P0181",191,50.13188,11.751068,"core",0,29.8870551266763,"1600",11.1751041412354,3.08974123001099,563.859985351562,0.396065920591354,-0.91054767370224,350,715,"2022",0.461970873592982,0,6.191,0.797980513448034,2.251,0.197,11.4263959390863,0.68688258711358,52.1322266742988,16.8406,3.25018000011433,0.7,49.9924,12.2438475185649,0.9600078,33.1518,16.7406812777902,1.0900117
